"CUST_ID","SEGMENT","AGE","GENDER","GENDER__F","GENDER__M","YRS_W_CLUB","IS_MEMBER","IS_MEMBER__0","IS_MEMBER__1","IS_HRS_OWNER","IS_HRS_OWNER__0","IS_HRS_OWNER__1","MAJOR_CHANNEL","MAJOR_CHANNEL__Others","MAJOR_CHANNEL__AOSBS","MAJOR_CHANNEL__ESC","MAJOR_CHANNEL__EWIN","MAJOR_CHANNEL__IOSBS","MAJOR_CHANNEL__TEL","ACTIVE_RATE_PREVIOUS_83","INV","DIV","RR","MTG_NUM","RECENT_GROWTH_RATE","END_BAL","RECHARGE_TIMES","RECHARGE_AMOUNT","WITHDRAW_TIMES","WITHDRAW_AMOUNT","INV1","INV2","INV3","INV4","INV5","INV6","INV7","INV8","INV9","INV10","INV11","INV12","INV13","INV14","INV15","INV16","INV17","INV18","INV19","INV20","INV21","INV22","INV23","INV24","INV25","INV26","INV27","INV28","INV29","INV30","INV31","INV32","INV33","INV34","INV35","INV36","INV37","INV38","INV39","INV40","INV41","INV42","INV43","INV44","INV45","INV46","INV47","INV48","INV49","INV50","INV51","INV52","INV53","INV54","INV55","INV56","INV57","INV58","INV59","INV60","INV61","INV62","INV63","INV64","INV65","INV66","INV67","INV68","INV69","INV70","INV71","INV72","INV73","INV74","INV75","INV76","INV77","INV78","INV79","INV80","INV81","INV82","INV83","GROW_PROPENSITY","DECLINE_PROPENSITY","GROW_REASON_CODE_1","GROW_REASON_CODE_2","GROW_REASON_CODE_3","GROW_REASON_CODE_4","DECLINE_REASON_CODE_1","DECLINE_REASON_CODE_2","DECLINE_REASON_CODE_3","DECLINE_REASON_CODE_4","TURNOVER_RATIO","ACTIVE_RATE_RATIO","RECOVERY_RATE_RATIO","AMPLIFICATION","TO_PER_MTG","BETLINE_PER_MTG","AVG_BET_SIZE","TO_YTD_GROWTH","TO_RECENT_GROWTH","TO_PER_MTG_YTD_GROWTH","TO_PER_MTG_RECENT_GROWTH","BETLINE_PER_MTG_YTD_GROWTH","BETLINE_PER_MTG_RECENT_GROWTH","AVG_BET_SIZE_YTD_GROWTH","AVG_BET_SIZE_RECENT_GROWTH","ACTIVE_RATE_YTD_GROWTH","ACTIVE_RATE_RECENT_GROWTH"
"10000","85",41,"M",0,1,16,0,1,0,0,1,0,"AOSBS",1,0,0,0,0,0,0.76,66379,60165.66,0.91,63,1.99,1170.8,72,40920,5,13000,1810,393,20,0,0,120,270,850,150,920,30,0,2230,3743,2771,2119,0,300,764,250,0,100,470,275,90,120,60,519,1312,703,70,120,0,708,10,965,490,204,0,1508,140,1812,1164,1319,1296,120,140,0,0,0,0,0,100,948,100,0,0,0,0,0,530,0,558,0,1304,690,0,1156,1156,2104,5024,4840,4000,534,1664,612,3032,1020,1404,420,872,1386,2470,26.16,16.13,NA,NA,NA,NA,NA,NA,NA,NA,-0.4,-0.19,-0.16,0.45,1053.63,9.95,105.87,-0.37,0.35,-0.34,0.35,-0.26,0.55,-0.11,-0.13,-0.05,0
"100000","55",44,"M",0,1,22,0,1,0,0,1,0,"IOSBS",0,0,0,0,1,0,0.76,107242,109672.28,1.02,63,1.33,5.1,365,337656,147,280609,4099,1731,3913,0,2692,3393,4746,0,0,1851,2200,2295,180,0,4478,0,1002,1648,0,300,0,1040,360,464,1323,960,2911,0,0,0,2443,1080,3623,2032,0,0,4183,1045,659,0,1550,0,1860,928,1276,1320,2190,0,120,2110,1758,4831,2272,0,604,0,400,0,0,2032,120,954,304,694,570,689,2425,3833,1836,5065,1107,927,769,1935,1773,1088,504,663,360,742,400,0,582,28.66,15.59,NA,NA,NA,NA,NA,NA,NA,NA,1,-0.27,-0.43,0.04,1702.25,10.24,166.27,1.24,0.84,1.24,1.5,0.25,0.38,0.8,0.81,0,-0.27
"1000000","21",69,"M",0,1,41,1,0,1,1,0,1,"ESC",0,0,1,0,0,0,0.95,3671393,2665877.39,0.73,79,-0.58,10400.1,50,1618567.5,7,850000,9548,8740,17160,8670,23464,5485,2542,1160,2058,10060,660,3000,5380,141770,33200,14330,10670,3000,52538,4100,65720,71950,116080,1000,5990,103554,6250,109060,1400,106500,12930,16000,36138,0,13850,3700,24030,4698,27070,68320,0,0,108240,800,13520,17574,67710,414460,120905,182628,101830,46440,0,65410,137920,233942,26100,39680,88285,3160,24424,95715,26660,75661,3556,21889,44681,31266,21315,56815,63337,16775,6360,38566,27245,20484,22876,5706,95430,20271,59442,21460,51080,7.57,48.13,NA,NA,NA,NA,"The avg. turnover per mtg. of recent 2 months decreases by 49%","The recovery rate of recent 2 months is 0.47 times lower than before",NA,NA,-0.49,0,-0.47,1.32,46473.33,22.53,2062.58,135960.9,28721.7,3089.04,1794.17,12.36,12.56,230.23,131.36,43,15
"1000006","75",58,"M",0,1,36,0,1,0,0,1,0,"AOSBS",1,0,0,0,0,0,0.98,73209,78982.11,1.08,81,-0.33,85.6,30,37180,1,700,976,490,504,640,554,502,1716,1402,1384,1256,880,1378,1100,730,1340,1539,1916,1118,1555,1040,1961,1715,1650,1250,1860,1540,2460,1940,780,1020,1044,1524,1249,640,622,710,650,730,1040,660,500,910,430,740,940,870,810,1004,780,880,762,880,880,340,290,510,540,560,590,0,410,490,390,140,540,0,430,768,595,542,500,1210,475,1238,60,823,960,820,435,890,392,620,200,60.69,1.37,"The avg. turnover per mtg. of recent 2 months increases by 56%","The recovery rate of recent 2 months is 0.28 times higher than before","The turnover has an increasing trend in recent 2 months",NA,NA,NA,NA,NA,0.56,0,0.28,0.09,903.81,7.93,114.03,5225.5,1638.1,110.2,101.44,6.74,6.88,13.36,12.01,46,15
"1000012","85",43,"M",0,1,22,0,1,0,0,1,0,"AOSBS",1,0,0,0,0,0,0.88,171980,136675.91,0.79,73,-0.71,200.9,401,171011,14,112605,400,300,600,0,2600,350,0,630,1800,530,300,500,1000,0,100,710,4140,1200,500,500,5400,0,0,2200,3870,260,3000,0,3970,4450,300,4500,6000,3960,7390,0,4000,1540,5160,1240,1050,1130,3150,1800,3760,1430,2770,420,500,0,200,2600,500,5760,3300,440,4930,3590,2800,5140,1300,7070,6600,5070,500,3500,2330,8120,3100,0,900,1600,1030,0,1100,200,3040,300,2550,1420,740,1130,1710,8.51,51.19,NA,NA,NA,NA,"The active rate of recent 2 months is 0.07 times lower than before","The avg. turnover per mtg. of recent 2 months decreases by 61%","The recovery rate of recent 2 months is 0.31 times lower than before",NA,-0.61,-0.07,-0.31,0.29,2355.89,15.1,156.06,-0.09,-0.74,-0.07,-0.72,-0.11,-0.66,0.04,-0.17,-0.02,-0.07
"1000014","95",64,"M",0,1,34,0,1,0,0,1,0,"NA",0,1,0,0,0,0,0.08,7810,2760,0.35,7,-1,4.2,9,7300,1,870,0,0,0,0,0,0,0,0,0,0,0,0,0,0,0,0,0,0,0,0,0,0,0,0,0,0,0,0,0,0,0,0,0,0,0,0,0,0,0,0,0,0,0,0,0,0,0,0,0,620,0,0,0,0,900,400,0,0,0,1000,0,0,0,0,0,0,0,0,0,1500,0,0,0,0,0,0,0,0,0,0,1590,0,1800,8.56,87.05,NA,NA,NA,NA,"The turnover has a decreasing trend in recent 2 months","The active rate of recent 2 months is 1 times lower than before","The avg. turnover per mtg. of recent 2 months decreases by 100%","The recovery rate of recent 2 months is 1 times lower than before",-1,-1,-1,-1,1115.71,6.29,177.5,-1,-1,-1,-1,-1,-1,-1,-1,-1,-1
"1000018","95",57,"M",0,1,34,0,1,0,0,1,0,"TEL",0,0,0,0,0,1,0.88,45630,32512.08,0.71,73,-0.1,212,52,23570,8,8800,300,180,960,430,0,770,380,620,700,0,170,840,480,790,300,0,940,310,0,290,730,720,200,330,850,300,640,380,680,480,120,730,0,480,1050,570,910,630,0,890,670,360,650,580,990,570,1050,1200,670,1040,740,960,770,1020,200,1110,380,0,380,920,100,1070,610,1100,570,230,530,1110,500,140,790,970,300,0,330,470,0,340,660,350,0,850,1200,10.69,11.92,NA,NA,NA,NA,NA,NA,NA,NA,-0.14,0,0.01,0.14,625.07,8.08,77.34,0.01,-0.25,0.01,-0.08,0.02,-0.1,-0.01,0.03,0,-0.19
"1000021","95",61,"F",1,0,19,0,1,0,0,1,0,"EWIN",0,0,0,1,0,0,0.9,14070,10055.38,0.71,75,0.65,118,27,8300,5,3600,260,220,180,130,120,150,0,160,0,110,220,160,290,240,170,300,100,60,80,100,130,100,100,80,150,150,0,30,90,80,260,130,100,100,140,80,80,90,70,90,0,100,100,80,210,80,140,260,160,260,300,430,300,430,220,310,270,240,320,250,280,0,270,200,290,0,340,0,220,390,300,160,190,150,270,130,290,240,310,150,0,200,130,11.12,7.53,NA,NA,NA,NA,NA,NA,NA,NA,-0.13,0,0.69,0.01,187.6,6.03,31.13,580,270,12.51,18.36,4.05,7.79,1.68,1.2,42,13
"1000028","85",40,"M",0,1,19,0,1,0,0,1,0,"IOSBS",0,0,0,0,1,0,0.93,17076,6291.9,0.37,77,0.26,502.5,51,14830,0,0,150,150,220,640,190,260,80,40,70,130,60,478,160,140,288,538,228,230,60,140,210,140,443,30,0,30,100,468,202,140,228,208,150,208,80,130,160,268,836,608,468,228,60,240,644,214,158,210,220,170,270,100,190,0,40,60,60,100,100,120,0,70,60,240,430,433,0,0,80,80,579,130,130,315,120,80,340,330,508,258,0,30,320,25.25,2.57,NA,NA,NA,NA,NA,NA,NA,NA,-0.05,0.14,1.32,0.26,221.77,4.47,49.64,1089.3,358.4,22.7,21.46,3.3,3.62,4.51,3.86,45,15
"1000035","85",43,"M",0,1,16,0,1,0,0,1,0,"AOSBS",1,0,0,0,0,0,0.77,44542,21277.58,0.48,64,1.9,0.5,88,26500,3,2200,500,363,90,4660,4500,2700,500,1040,310,0,340,1430,300,0,664,600,0,1030,300,110,0,110,0,0,2940,470,100,110,500,300,111,120,1520,204,300,150,588,260,196,2200,440,740,200,140,500,300,3030,120,180,0,0,140,150,100,0,145,110,0,110,177,0,150,300,0,0,60,600,2700,700,120,600,2320,0,0,0,0,0,120,0,114,300,150,110,52.85,5.16,"The active rate of recent 2 months is 0.4 times higher than before","The avg. turnover per mtg. of recent 2 months increases by 78%","The recovery rate of recent 2 months is 0.65 times higher than before","The turnover has an increasing trend in recent 2 months",NA,NA,NA,NA,0.78,0.4,0.65,0.8,695.97,3.67,189.54,-0.3,0.66,-0.37,0.42,-0.36,-0.19,-0.02,0.75,0.11,0.17
"100004","95",68,"F",1,0,25,0,1,0,0,1,0,"TEL",0,0,0,0,0,1,0.96,82882,60701.9,0.73,80,0.21,157.4,83,30220,7,6400,540,520,1310,760,1970,1100,860,1080,1630,1450,1000,1278,1340,840,1740,1580,1460,500,570,1160,840,1090,1050,1270,1510,860,550,520,690,1270,1090,1220,1170,1190,2470,540,1600,1124,1610,1350,670,480,0,140,130,0,10,850,860,990,2220,460,560,1560,990,1020,520,940,1190,1090,1040,1420,690,1430,1410,1170,1530,590,760,1210,1110,1630,940,1720,0,510,1370,650,660,1060,750,480,370,10.45,7.48,NA,NA,NA,NA,NA,NA,NA,NA,0.29,0.07,0.55,0.12,1036.03,11.93,86.88,0.83,0.78,0.75,0.67,0.81,0.67,-0.03,0,0.05,0.07
"1000045","95",49,"M",0,1,17,0,1,0,0,1,0,"IOSBS",0,0,0,0,1,0,0.6,11766,6547.1,0.56,51,-0.65,3.5,31,6600,2,1000,0,40,144,20,0,230,0,0,0,0,0,0,500,100,490,130,130,180,1070,140,100,0,740,540,170,480,200,490,130,350,0,0,0,0,0,300,0,60,0,0,0,0,160,0,0,0,0,0,80,150,480,80,180,110,0,170,290,70,380,344,90,0,100,0,0,0,100,130,30,40,590,240,124,404,120,0,0,0,30,150,290,100,0,21.26,32.42,NA,NA,NA,NA,NA,NA,NA,NA,0.1,-0.33,-0.28,0.37,235.32,7.06,33.33,688.4,164.4,27.73,19.68,6.25,4.62,2.96,2.68,23,7
"1000049","95",77,"M",0,1,35,0,1,0,0,1,0,"TEL",0,0,0,0,0,1,1,46650,39607.32,0.85,83,-0.05,660.3,52,15200,5,6500,850,580,660,650,510,1030,600,520,520,1080,450,450,360,580,1090,1010,780,510,490,410,720,830,400,430,870,650,910,1110,200,920,1040,1280,900,750,1000,810,430,440,430,560,380,360,410,330,340,260,1120,650,1010,690,600,220,410,270,280,370,800,360,250,300,440,350,280,650,500,450,280,220,220,730,650,700,200,290,360,250,640,280,290,200,350,660,440,64.47,0.77,"The avg. turnover per mtg. of recent 2 months increases by 69%","The turnover has an increasing trend in recent 2 months",NA,NA,NA,NA,NA,NA,0.69,0,-0.31,0.07,562.05,5.72,98.21,0.21,-0.04,0.21,-0.04,-0.03,-0.13,0.25,0.1,0,0
"1000056","95",60,"M",0,1,33,0,1,0,0,1,0,"TEL",0,0,0,0,0,1,1,48250,40863.5,0.85,83,-0.02,918.7,40,11600,0,0,590,470,630,550,590,600,510,590,800,710,610,650,480,800,520,920,920,520,660,560,720,440,760,540,660,470,750,520,710,660,690,620,600,510,760,490,550,430,540,580,580,460,650,420,570,370,620,700,500,680,550,640,340,630,460,750,390,660,460,640,430,610,260,650,420,630,410,700,460,680,440,680,450,620,600,540,630,440,800,440,590,430,590,15.28,0.87,NA,NA,NA,NA,NA,NA,NA,NA,0.1,0,-0.19,0.03,581.33,57.55,10.1,0.27,0.31,0.27,0.31,0.31,0.34,-0.03,-0.02,0,0
"100006","75",60,"M",0,1,36,0,1,0,0,1,0,"IOSBS",0,0,0,0,1,0,0.99,85188,63517.57,0.75,82,0.06,30.7,257,79100,11,20300,1594,1034,988,836,1142,1420,1530,598,1062,1228,914,1224,654,838,560,1038,1468,930,1450,1594,1688,1034,1082,710,824,0,908,868,390,694,968,1054,1338,1094,1624,1050,1044,894,1048,1204,1424,1070,1052,830,1018,742,900,1298,490,1528,1568,1268,878,834,954,1268,550,846,664,1046,918,1064,644,1294,952,1212,938,898,1574,1290,480,1014,1100,1110,1128,1028,624,1048,1066,828,1194,956,982,8.04,1.48,NA,NA,NA,NA,NA,NA,NA,NA,0.02,0,-0.08,-0.02,1038.88,35.06,29.63,0.03,-0.07,0.03,-0.07,0.06,-0.01,-0.03,-0.06,0,0
"1000061","95",60,"M",0,1,30,0,1,0,0,1,0,"TEL",0,0,0,0,0,1,1,56472,71988.5,1.27,83,0.14,450.8,27,36700,10,59000,700,460,830,740,540,1380,360,720,940,300,640,440,850,600,300,1250,240,400,370,1320,750,620,1020,560,760,930,200,280,810,220,830,400,738,620,680,810,740,1270,710,710,540,704,500,550,500,660,300,1270,770,820,1290,940,640,1030,420,1165,670,590,990,850,300,710,250,1300,500,610,260,805,560,770,570,870,1000,980,680,460,780,820,1110,450,160,90,200,13.25,3.21,NA,NA,NA,NA,NA,NA,NA,NA,0.07,0,-0.08,0.07,680.39,6.77,100.48,0.34,0.44,0.28,0.44,0.2,0.24,0.07,0.17,0.04,0
"1000068","75",63,"M",0,1,28,0,1,0,0,1,0,"EWIN",0,0,0,1,0,0,1,67570,33125,0.49,83,-0.07,156.1,74,50100,3,8500,1090,580,1000,520,1760,1190,1380,930,470,330,920,500,500,500,500,1160,840,500,1250,730,680,2020,500,600,1060,1050,830,1440,350,650,880,950,520,1640,420,920,400,820,200,290,770,390,530,490,340,920,100,1120,1050,1200,400,150,260,400,180,1130,280,590,3050,1090,1000,980,570,360,840,1060,540,1090,1440,430,1660,380,1370,740,840,610,750,500,180,750,1000,930,2240,10.19,3.61,NA,NA,NA,NA,NA,NA,NA,NA,-0.11,0,-0.21,0.05,814.1,29.24,27.84,-0.3,-0.07,-0.33,-0.19,1.01,1.44,-0.67,-0.67,0.04,0.14
"100007","55",51,"M",0,1,30,0,1,0,0,1,0,"AOSBS",1,0,0,0,0,0,1,399598,221305.78,0.55,83,-0.22,4403.3,307,509753,64,305701,4110,3662,4255,2840,140,4860,2230,4310,4538,4045,2800,8488,7032,2960,2160,840,570,1978,3685,3282,4249,7356,6620,4280,5600,5430,3670,7648,5880,5640,3674,6880,5812,8482,920,4343,6830,4700,5886,3830,7491,3912,3420,6402,3304,3530,3440,5772,4040,3370,4466,3501,2858,6580,2374,3602,3410,3702,5290,2728,2888,5506,4320,4118,3390,6682,5038,8987,3880,6653,7771,9366,7452,5383,8118,2000,3020,9228,8611,7628,7194,2620,10038,7.25,25.8,NA,NA,NA,NA,NA,NA,NA,NA,-0.45,0,-0.38,0.02,4814.43,45.27,106.36,0.09,-0.2,0.06,-0.2,0.05,-0.26,0.01,0.08,0.02,0
"1000072","95",59,"M",0,1,34,0,1,0,0,1,0,"AOSBS",1,0,0,0,0,0,0.98,18980,9919.6,0.52,81,-0.03,509.5,95,16460,4,4400,320,200,170,240,230,170,160,90,450,300,150,250,170,190,260,140,260,250,290,280,170,150,270,150,170,210,650,170,190,0,200,170,230,230,270,240,300,210,180,90,370,150,140,150,160,130,260,190,260,330,360,240,0,250,140,540,250,460,360,280,160,220,140,230,180,220,320,470,130,290,150,300,130,190,150,240,190,150,230,250,260,240,300,10.21,1.41,NA,NA,NA,NA,NA,NA,NA,NA,-0.05,0,0.18,0.03,234.32,3.81,61.42,-0.05,-0.03,-0.03,-0.03,-0.19,-0.27,0.2,0.33,-0.02,0
"1000074","75",61,"M",0,1,35,0,1,0,0,1,0,"AOSBS",1,0,0,0,0,0,0.67,31636,19892.63,0.63,56,0.6,5.6,170,102920,12,15500,0,0,0,120,0,400,0,1240,800,0,300,1020,1720,910,1748,1630,200,380,280,394,260,1180,1060,240,80,540,0,440,0,530,0,610,100,0,260,400,390,434,1310,1810,0,540,0,700,0,1570,580,780,1230,1210,80,0,240,0,170,80,490,300,0,90,360,0,60,100,130,80,530,480,0,0,250,0,0,0,100,400,0,0,0,100,0,200,0,58.42,14.88,"The active rate of recent 2 months is 0.67 times higher than before","The avg. turnover per mtg. of recent 2 months increases by 288%","The recovery rate of recent 2 months is 49609.42 times higher than before","The turnover has an increasing trend in recent 2 months",NA,NA,NA,NA,2.88,0.67,49609.42,0.43,564.93,5.5,102.71,-0.32,1.27,-0.32,1.27,-0.38,0.09,0.09,1.08,0,0
"1000089","75",53,"M",0,1,25,0,1,0,0,1,0,"TEL",0,0,0,0,0,1,0.66,317546,182092.7,0.57,55,-0.47,11.1,84,139881.5,1,3000,0,0,0,1858,1560,0,2400,3730,0,0,1996,3900,4220,5700,0,0,0,3400,5600,3720,10200,0,9752,5000,1380,4350,0,0,0,0,3040,1620,5980,3300,9180,0,0,0,9180,6200,8000,0,0,0,42600,8780,10700,0,26900,4200,240,0,29100,7100,5000,0,0,1780,120,1800,3440,7120,0,0,0,800,0,2740,1000,7160,1560,6280,1000,3780,2860,2680,2380,3880,1460,5098,1660,5702,3360,17.36,43.21,NA,NA,NA,NA,"The active rate of recent 2 months is 0.5 times lower than before","The avg. turnover per mtg. of recent 2 months decreases by 4%","The recovery rate of recent 2 months is 0.18 times lower than before",NA,-0.04,-0.5,-0.18,0.21,5773.56,9.27,622.64,0.08,-0.37,0.36,-0.05,0.2,0.71,0.13,-0.44,-0.21,-0.33
"1000093","95",67,"M",0,1,33,0,1,0,0,1,0,"TEL",0,0,0,0,0,1,0.98,32190,30406.91,0.94,81,-0.02,419.5,116,30035,19,20300,960,760,200,700,550,510,590,520,120,280,140,750,470,330,720,0,110,480,1110,160,610,630,680,160,510,270,610,380,340,510,920,260,490,80,400,390,300,290,400,20,420,360,540,470,200,200,290,430,400,200,930,400,530,480,1100,520,220,830,510,680,660,240,230,180,160,380,140,290,250,240,0,160,360,60,250,240,100,150,130,220,60,60,210,58.85,1.58,"The avg. turnover per mtg. of recent 2 months increases by 173%","The recovery rate of recent 2 months is 0.44 times higher than before","The turnover has an increasing trend in recent 2 months",NA,NA,NA,NA,NA,1.73,0,0.44,0.04,397.41,7.58,52.43,2018,759,42.89,49.67,8.26,10.8,3.74,3.29,45,14
"1000097","75",57,"M",0,1,18,0,1,0,0,1,0,"AOSBS",1,0,0,0,0,0,0.59,313517,238270.87,0.76,49,-0.26,2000.9,119,261400,45,164045,4000,0,0,0,6338,8406,2300,0,5000,5330,0,900,180,0,0,3190,9024,3050,2860,0,10679,0,800,0,4880,3850,0,0,0,0,6660,6170,0,0,900,0,13094,3110,2014,0,3200,1510,4250,3800,0,0,0,0,0,0,0,3880,0,10134,3680,10480,0,2120,0,10220,0,690,0,9220,0,5230,6414,14912,12966,11256,11790,24202,8438,9714,750,0,14420,0,6368,0,9060,1468,10610,9.92,78.39,NA,NA,NA,NA,"The active rate of recent 2 months is 0.31 times lower than before","The avg. turnover per mtg. of recent 2 months decreases by 62%","The recovery rate of recent 2 months is 0.25 times lower than before",NA,-0.62,-0.31,-0.25,0.16,6398.31,28.06,228.01,11548.5,3563.4,443.21,395.04,19.62,20.11,20.55,17.76,25,8
"1000103","95",52,"M",0,1,16,0,1,0,0,1,0,"TEL",0,0,0,0,0,1,0.78,21950,20420.49,0.93,65,0.72,19.3,80,17250,6,13000,60,240,400,460,140,440,760,480,150,0,240,540,320,540,240,260,0,160,320,280,0,420,60,360,80,240,60,160,240,440,0,240,0,240,0,380,520,380,560,0,460,320,380,320,380,500,480,400,220,0,300,320,380,490,140,240,320,240,300,0,0,80,220,380,160,520,320,400,320,0,510,0,0,0,460,780,760,0,140,300,0,0,0,26.1,9.68,NA,NA,NA,NA,NA,NA,NA,NA,-0.23,0.88,-0.36,0.16,337.69,4.37,77.29,0.01,0.14,-0.07,-0.01,-0.18,0.02,0.14,-0.03,0.08,0.15
"1000109","75",72,"M",0,1,17,0,1,0,0,1,0,"TEL",0,0,0,0,0,1,0.98,164834,130648.4,0.79,81,-0.24,2229.5,46,79200,1,30000,2220,1710,1400,1470,2020,1420,2070,1440,1020,1890,1160,2260,650,1160,1050,970,950,1040,890,1270,1940,3010,3450,1540,2550,750,2840,1190,3300,640,3100,3030,3040,2460,4770,1790,2960,2290,2490,2790,1660,950,1810,1950,1870,140,1910,2950,1050,1950,3090,2640,1960,1840,850,0,1680,2380,1500,2300,1970,2742,3310,4666,0,2980,1880,2520,1100,3320,1440,2430,1608,2250,2880,2228,2992,1728,3060,900,1940,1480,2940,8.01,21.12,NA,NA,NA,NA,NA,NA,NA,NA,-0.31,0,-0.61,-0.03,2034.99,10.25,198.6,-0.11,-0.05,-0.14,-0.11,-0.07,-0.1,-0.08,-0.01,0.04,0.07
"1000113","75",57,"M",0,1,29,0,1,0,0,1,0,"IOSBS",0,0,0,0,1,0,0.8,126267,77410.49,0.61,66,1.39,34.2,19,56000,0,0,1208,0,1480,1486,440,1175,3890,1814,2156,3777,4803,5035,2675,2015,2026,1448,1522,406,780,1408,0,1796,1299,0,1070,988,920,1488,310,836,1132,895,60,200,310,520,460,140,420,664,60,0,0,0,340,0,0,4026,240,1572,660,0,0,2640,0,1725,2980,4010,0,1360,1254,0,1090,4364,3505,4450,1855,3033,3790,9439,1272,4008,0,0,450,0,926,0,1210,2750,6270,3616,320,13.37,11.72,NA,NA,NA,NA,NA,NA,NA,NA,-0.24,0.25,0.33,0.13,1913.14,18.82,101.66,-0.27,2.29,-0.27,1.64,0.17,2.14,-0.38,-0.16,0,0.25
"1000114","75",67,"M",0,1,37,0,1,0,0,1,0,"CIT",0,1,0,0,0,0,1,75782,43265.79,0.57,83,-0.17,3512.1,16,45400,0,0,850,850,1150,1060,900,950,850,720,550,500,400,400,400,690,560,1200,1150,1040,850,850,1580,500,800,800,710,1030,1020,860,890,890,630,900,1010,800,1080,900,1150,980,930,930,900,900,900,900,900,900,900,2345,1660,1210,1235,560,630,720,630,720,720,720,360,720,720,1060,720,720,720,720,984,890,600,400,800,1560,800,1860,1400,950,1100,1400,800,800,1090,1674,1174,9.89,5.51,NA,NA,NA,NA,NA,NA,NA,NA,-0.3,0,0.55,0.02,913.04,3.1,294.87,-0.35,-0.63,-0.35,-0.63,-0.74,-0.72,1.47,0.36,0,0
"1000116","20",42,"M",0,1,22,0,1,0,0,1,0,"AOSBS",1,0,0,0,0,0,0.6,125420,87238.5,0.7,51,-0.33,0.3,485,2923557,219,2793785,5100,2170,2550,0,0,0,0,700,0,900,0,7710,0,0,0,1080,700,5100,5220,300,2010,2780,6600,4280,1080,500,600,0,0,0,0,850,0,4990,3900,1350,1000,0,3740,6690,680,600,6440,3200,2320,1870,400,1430,0,1020,0,1660,0,0,0,0,0,0,0,1000,0,1220,0,4350,500,0,0,0,500,780,0,0,0,6390,4860,1100,500,2300,300,500,5000,0,4600,41.29,14.19,"The avg. turnover per mtg. of recent 2 months increases by 18%","The recovery rate of recent 2 months is 0.61 times higher than before","The turnover has an increasing trend in recent 2 months",NA,NA,NA,NA,NA,0.18,-0.36,0.61,0.65,2508.4,7.36,340.82,0.36,0.36,-0.02,0.74,0.19,0,-0.18,0.75,0.39,-0.22
"1000122","95",78,"M",0,1,40,0,1,0,0,1,0,"TEL",0,0,0,0,0,1,0.84,34089,19031.1,0.56,70,-0.17,551.1,44,18550,0,0,0,614,1098,516,0,170,0,160,188,248,670,290,700,0,350,0,866,400,0,300,1048,460,320,180,0,180,428,216,750,90,188,574,732,420,976,228,368,180,260,658,240,470,638,358,0,0,300,734,300,0,386,200,200,300,430,692,200,511,560,758,950,1524,0,998,1164,470,316,428,460,776,440,566,0,796,684,438,488,110,300,300,658,0,120,13.32,13.49,NA,NA,NA,NA,NA,NA,NA,NA,-0.03,-0.21,-0.87,0.04,486.99,4.27,114.01,0.03,-0.31,0.09,0,0.08,-0.1,0.01,0.11,-0.05,-0.31
"1000126","95",52,"M",0,1,30,0,1,0,0,1,0,"TEL",0,0,0,0,0,1,0.99,102182,61879,0.61,82,-0.03,205.5,126,64088.5,12,21356.8,1698,1436,1888,1278,2006,1710,1778,950,1258,740,420,970,1198,1230,752,2130,2514,1158,1938,0,1758,838,2104,990,1648,1686,900,1160,940,768,1958,1836,1436,700,1698,872,1248,1162,1440,1340,1162,878,1268,750,1556,704,520,1510,996,2436,1580,946,1072,1316,1294,2220,190,830,948,1110,500,1630,1520,920,800,90,460,1830,820,760,1500,934,1500,1690,1578,1180,1578,640,1530,470,1884,190,1358,18.69,1.4,NA,NA,NA,NA,NA,NA,NA,NA,0.1,0,0.15,0.02,1246.12,17.29,72.06,0.12,0.46,0.14,0.46,0.15,0.51,-0.01,-0.03,-0.02,0
"1000128","85",42,"M",0,1,18,0,1,0,0,1,0,"IOSBS",0,0,0,0,1,0,0.73,64281,49568.7,0.77,61,-0.05,602.5,88,56688,18,36800,1074,2595,0,0,60,260,320,220,1490,60,1510,960,1560,465,1035,1198,1338,220,740,1128,0,0,375,0,700,360,655,460,2530,893,2297,1775,940,1560,840,865,0,690,370,0,0,80,2200,2055,480,0,0,0,555,2967,1340,3617,4093,2626,200,1025,3680,980,0,0,0,550,860,210,398,708,970,0,0,160,0,0,110,1480,530,0,104,160,200,400,0,0,0,48.24,3.43,"The active rate of recent 2 months is 0.75 times higher than before","The avg. turnover per mtg. of recent 2 months increases by 133%","The recovery rate of recent 2 months is 0.92 times higher than before","The turnover has an increasing trend in recent 2 months",NA,NA,NA,NA,1.33,0.75,0.92,0.19,1053.79,7.7,136.77,4,7.16,1.03,1.33,1.85,3,-0.29,-0.42,1.47,2.5
"100013","55",56,"M",0,1,22,0,1,0,0,1,0,"TEL",0,0,0,0,0,1,1,385940,309302,0.8,83,-0.14,390.4,150,289000,73,203667,5760,1280,4140,3150,3580,2050,3250,6490,6110,2640,4170,8280,3620,4580,7060,6220,9700,7510,8810,5410,3390,3630,3330,6730,9220,4080,2480,2650,3140,4640,5140,3990,1720,2280,3950,2880,4080,2560,3880,3600,3720,2690,1480,7540,1300,3920,9150,11870,7760,10230,7600,5670,7610,4060,3960,5670,5250,3720,3190,4240,3530,4180,3280,3220,3810,4350,3260,5120,5860,4770,3810,3530,3510,3530,3990,4710,3440,2960,4570,5050,5760,1430,6460,7.65,2.64,NA,NA,NA,NA,NA,NA,NA,NA,0.06,0,0.1,0.1,4649.88,10.63,437.57,-0.57,-0.12,-0.59,-0.23,0.06,0.32,-0.61,-0.42,0.04,0.14
"1000131","35",36,"M",0,1,16,0,1,0,0,1,0,"NA",0,1,0,0,0,0,0.28,70725,52140.8,0.74,23,-1,1.4,62,50690,2,4200,0,0,0,0,0,0,0,0,0,0,0,0,0,0,0,0,0,0,0,0,0,0,0,0,0,0,0,0,0,0,0,0,0,0,0,0,0,0,0,0,0,0,0,0,0,0,0,0,0,0,0,470,0,0,6432,1170,4648,400,11180,0,3656,0,1298,510,1138,0,2432,2010,11956,0,786,0,13176,0,1035,3128,200,830,340,1880,880,1170,0,7.72,97.14,NA,NA,NA,NA,"The turnover has a decreasing trend in recent 2 months","The active rate of recent 2 months is 1 times lower than before","The avg. turnover per mtg. of recent 2 months decreases by 100%","The recovery rate of recent 2 months is 1 times lower than before",-1,-1,-1,-1,3075,16.35,188.1,-1,-1,-1,-1,-1,-1,-1,-1,-1,-1
"1000133","95",48,"M",0,1,23,0,1,0,0,1,0,"EWIN",0,0,0,1,0,0,0.96,30144,30456.43,1.01,80,0.56,996.4,42,11610,2,8000,1138,1248,1192,788,210,660,40,100,470,420,530,400,260,320,180,660,560,280,628,400,410,450,160,190,200,360,720,230,170,180,200,400,240,540,340,320,110,120,20,220,150,80,30,430,120,480,480,670,650,1100,600,680,270,440,180,230,150,270,300,20,480,0,310,350,440,0,60,620,240,540,120,270,150,430,420,320,360,320,560,310,160,0,290,63.49,1.31,"The active rate of recent 2 months is 0.07 times higher than before","The avg. turnover per mtg. of recent 2 months increases by 58%","The recovery rate of recent 2 months is 1.78 times higher than before","The turnover has an increasing trend in recent 2 months",NA,NA,NA,NA,0.58,0.07,1.78,0.14,376.8,6.85,55.01,0.05,1.28,-0.02,1,0,0.45,-0.02,0.37,0.07,0.14
"1000134","95",54,"M",0,1,22,0,1,0,0,1,0,"TEL",0,0,0,0,0,1,0.99,88446,59344.54,0.67,82,-0.09,671,85,54600,9,22200,1800,790,800,1282,1080,1440,2330,800,1900,590,1030,990,890,2110,1180,1110,1370,1280,1320,1000,980,1510,820,1510,2150,1400,810,1580,1080,1860,2760,800,1150,830,920,870,810,1260,1480,1270,1640,440,1280,1320,1670,1650,840,30,410,1000,1690,354,520,900,1020,280,600,1030,1070,570,2170,2470,1000,1600,550,510,500,790,570,560,290,440,770,710,1590,550,580,0,510,580,880,1280,290,29.65,1.7,NA,NA,NA,NA,NA,NA,NA,NA,0.82,0.07,0.42,0.03,1078.61,9.39,114.86,0.66,0.81,0.63,0.81,0.49,0.66,0.09,0.09,0.02,0
"1000137","95",58,"M",0,1,33,0,1,0,0,1,0,"TEL",0,0,0,0,0,1,0.96,40264,51653.8,1.28,80,0.04,177.9,30,13200,4,23500,320,170,100,310,1120,860,190,420,320,290,180,400,360,260,300,600,480,280,260,290,500,260,740,240,200,80,0,450,0,120,760,1300,940,600,460,1100,830,1550,1080,1910,1310,550,360,1390,640,60,640,1150,780,860,620,540,340,0,200,260,320,200,180,240,320,420,80,504,60,140,240,280,260,420,140,580,430,600,560,710,900,200,260,320,720,160,690,28.56,2.21,NA,NA,NA,NA,NA,NA,NA,NA,-0.14,0,-0.01,0.2,503.3,6.55,76.84,0.43,0.03,0.4,0.03,0.32,0.16,0.06,-0.11,0.02,0
"1000138","75",56,"M",0,1,29,0,1,0,0,1,0,"TEL",0,0,0,0,0,1,0.73,94410,62126,0.66,61,-0.14,123.9,99,64981.4,1,2000,600,0,1870,2400,850,0,0,0,1880,1290,2600,2630,2400,1420,1000,500,2030,700,2500,1530,1250,1520,530,1340,1590,500,4330,2090,800,500,0,1480,1740,0,500,0,800,1000,1080,4350,2660,1880,0,0,600,500,0,1500,0,500,900,2430,0,750,0,0,400,900,2400,3500,780,1050,0,0,2000,0,0,500,2250,0,0,260,1000,1900,4020,0,1400,700,1940,0,2090,1800,2200,19.62,12.87,NA,NA,NA,NA,NA,NA,NA,NA,-0.03,0,-0.23,0,1547.7,7.03,220.07,-0.28,-0.09,-0.25,-0.17,-0.23,0.06,-0.02,-0.21,-0.05,0.09
"1000139","95",57,"M",0,1,29,0,1,0,0,1,0,"AOSBS",1,0,0,0,0,0,0.99,24890,18838.6,0.76,82,0.11,367.5,51,9087,7,2700,360,350,320,280,530,400,380,330,350,350,300,320,270,230,290,320,420,270,290,290,320,310,350,280,290,260,330,260,200,290,350,320,320,290,330,280,260,290,450,330,300,260,230,260,360,270,270,560,340,390,430,260,260,340,270,180,180,340,200,340,260,300,260,10,260,320,300,320,260,320,260,0,280,200,310,300,290,290,290,270,380,290,320,20.36,0.6,NA,NA,NA,NA,NA,NA,NA,NA,0.15,0.07,0,0,303.54,10.76,28.22,0.15,0.2,0.1,0.2,0.07,0.22,0.02,-0.01,0.04,0
"100014","95",78,"M",0,1,14,0,1,0,0,1,0,"ESC",0,0,1,0,0,0,0.84,41750,37054,0.89,70,-0.47,3369,23,7300,1,1000,0,0,0,0,0,0,0,0,0,830,920,840,840,980,840,860,990,830,610,690,910,700,750,820,940,630,490,600,780,500,630,610,460,510,550,550,510,520,440,550,650,590,600,630,650,500,510,690,580,540,510,490,390,380,470,360,460,470,400,640,500,420,540,390,470,450,490,570,480,440,500,550,480,560,610,450,630,540,490,0,0,0,0,12.48,47.7,NA,NA,NA,NA,"The turnover has a decreasing trend in recent 2 months","The active rate of recent 2 months is 0.42 times lower than before",NA,NA,0.66,-0.42,0.27,0,596.43,13.66,43.67,0.45,0.22,0.52,0.92,0.16,0.21,0.31,0.59,-0.05,-0.36
"1000141","95",44,"M",0,1,21,0,1,0,0,1,0,"IOSBS",0,0,0,0,1,0,0.84,54414,25466,0.47,70,0.27,291,140,43428,2,3500,1522,1514,410,842,1106,100,808,784,294,0,0,0,880,832,1130,1414,0,1104,500,994,1556,204,0,174,940,814,278,988,606,0,0,972,414,580,402,1202,928,720,614,352,576,754,834,798,0,1230,954,160,842,562,1156,1040,688,600,392,584,1020,224,0,0,586,624,430,60,0,952,978,530,652,1516,758,1610,350,844,774,0,1000,200,1240,0,1024,848,1046,24.89,2.96,NA,NA,NA,NA,NA,NA,NA,NA,0.01,-0.07,-0.4,0.06,777.34,21.59,36.01,0.12,0.01,0.2,0.17,0.35,0.18,-0.11,-0.01,-0.07,-0.13
"1000149","75",60,"F",1,0,19,0,1,0,0,1,0,"TEL",0,0,0,0,0,1,0.66,166454,135957.5,0.82,55,1.2,9.7,45,52480,7,17500,200,0,2030,2150,4430,6240,5340,4110,200,4610,1530,0,0,0,0,3080,1020,0,0,0,0,0,3170,0,0,0,0,0,0,0,5580,5670,1820,0,3520,0,0,0,0,320,1010,0,4760,1200,0,3680,4090,2160,1400,4110,6050,3130,4240,6750,1200,3700,5502,8612,6460,7230,500,2440,1870,2570,2980,0,300,1000,900,460,1800,810,0,2430,2680,0,1800,1000,0,2350,1300,4360,4600,15.96,33.25,NA,NA,NA,NA,NA,NA,NA,NA,0.57,-0.15,1.44,0.17,3026.44,11.27,268.47,0.34,0.36,0.52,0.11,0.56,0.31,-0.03,-0.16,-0.12,0.22
"1000150","61",69,"M",0,1,41,1,0,1,1,0,1,"TEL",0,0,0,0,0,1,0.75,98020,76066.5,0.78,62,-0.35,4211.7,29,69000,15,40863,0,820,2040,0,680,260,260,220,1000,2020,220,1200,540,220,190,260,2520,1300,2780,2700,0,960,2360,0,1940,0,0,0,0,0,0,720,260,0,260,0,1390,630,860,600,530,640,1790,1640,910,1330,240,260,540,0,0,4620,2210,3550,0,4700,680,1000,1020,4530,0,1300,0,4100,240,4080,2730,2500,0,400,440,630,640,0,0,0,3020,4510,6240,2700,1630,110,3350,10.44,39.68,NA,NA,NA,NA,"The avg. turnover per mtg. of recent 2 months decreases by 67%","The recovery rate of recent 2 months is 0.73 times lower than before",NA,NA,-0.67,0.17,-0.73,0.04,1580.97,4.27,369.89,-0.64,-0.56,-0.63,-0.75,-0.49,-0.69,-0.27,-0.2,-0.03,0.75
"1000155","95",57,"M",0,1,20,0,1,0,0,1,0,"AOSBS",1,0,0,0,0,0,0.95,14250,12932.5,0.91,79,0.09,809.2,3,900,0,0,70,180,200,160,200,210,220,180,0,210,170,210,160,170,160,220,220,160,200,160,110,180,0,50,220,180,200,0,180,190,230,210,200,160,210,160,200,160,220,200,180,170,200,170,180,140,170,260,180,220,200,130,40,200,0,240,170,200,170,170,160,220,160,150,140,210,150,220,200,210,160,200,190,260,200,130,180,150,200,140,210,170,130,10.2,2.35,NA,NA,NA,NA,NA,NA,NA,NA,-0.02,-0.06,0.34,0.04,180.38,17.8,10.14,0.31,0.12,0.19,0.12,0.29,0.14,-0.08,-0.02,0.1,0
"1000166","55",53,"M",0,1,33,0,1,0,0,1,0,"EWIN",0,0,0,1,0,0,0.84,184843,145295.5,0.79,70,-0.33,502.1,525,369406,81,127391,1940,0,800,0,230,2618,4198,300,1580,0,400,690,360,1870,0,2258,3200,1700,1210,480,2330,600,2940,1020,5006,300,0,300,710,310,2038,3470,3248,300,630,4868,8286,2938,870,5050,1410,1030,480,1550,3608,600,8478,9638,10580,3390,11757,9756,6754,12158,6898,2222,370,5192,280,3878,2228,0,60,0,670,0,50,270,1360,410,0,0,0,660,210,490,1180,0,1970,4338,1370,0,500,52.58,3.74,"The active rate of recent 2 months is 0.09 times higher than before","The avg. turnover per mtg. of recent 2 months increases by 24%","The recovery rate of recent 2 months is 4.5 times higher than before","The turnover has an increasing trend in recent 2 months",NA,NA,NA,NA,0.24,0.09,4.5,0.32,2640.61,53.1,49.73,0.37,-0.02,0.24,0.14,0.19,0.33,0.04,-0.14,0.11,-0.14
"1000172","85",41,"M",0,1,16,0,1,0,0,1,0,"IOSBS",0,0,0,0,1,0,1,93867,70328.81,0.75,83,0.66,562,116,49524,19,28100,1880,1890,610,1290,1470,250,1860,670,882,1340,970,1430,880,2099,3610,1840,1710,1680,1720,642,970,1000,950,652,320,280,620,1168,340,550,700,540,380,790,480,960,720,1040,1172,700,1004,1010,960,1340,774,1028,580,700,660,1190,1548,80,1794,540,820,480,620,120,930,480,1076,1234,2092,1142,1480,2280,2002,1090,1360,1620,930,1288,1418,1002,2720,1374,1282,1702,1370,1480,912,2444,856,9.57,1.84,NA,NA,NA,NA,NA,NA,NA,NA,0.01,0,-0.25,0.08,1130.93,14.89,75.94,-0.1,0.24,-0.1,0.24,-0.15,0.05,0.05,0.17,0,0
"1000175","85",39,"M",0,1,21,0,1,0,0,1,0,"AOSBS",1,0,0,0,0,0,0.47,27490,27655.85,1.01,39,1.41,2.1,110,63350,17,38147,0,190,0,850,880,840,20,1230,0,300,0,0,0,0,150,0,0,60,0,310,0,100,0,510,70,430,30,180,0,160,0,0,0,0,0,1050,200,630,800,960,0,270,0,100,0,0,0,0,200,0,0,0,220,0,0,0,70,0,600,0,0,0,0,0,0,0,600,2600,300,0,0,0,0,220,0,4420,1400,420,0,720,2240,1150,2010,31.84,20.58,NA,NA,NA,NA,NA,NA,NA,NA,-0.64,-0.2,-0.03,0.02,704.87,4.95,142.44,0.88,0.15,-0.14,0.15,0.35,0.59,-0.36,-0.28,1.18,0
"1000176","55",55,"M",0,1,33,0,1,0,0,1,0,"EWIN",0,0,0,1,0,0,1,424660,349189.36,0.82,83,0.81,2327.8,374,295700,16,255800,6890,5466,14750,9255,16050,7930,6418,7926,3140,9060,4104,1884,5995,3650,3620,7845,3996,2342,956,2700,4890,3674,5850,5340,3250,4750,4500,2254,3224,9991,1010,4404,4310,6552,3670,5205,4680,7850,5900,1864,1350,1520,4200,1660,5260,1940,3890,3780,5230,4880,6420,4120,640,10100,7560,10782,1910,4878,4320,4429,5090,6290,2780,2400,3280,680,1950,4240,3010,6940,7840,7870,5510,5510,1460,6390,9090,5710,2100,2840,7750,14206,5710,11.58,6.32,NA,NA,NA,NA,NA,NA,NA,NA,0.19,0,-0.22,0.05,5116.39,44.25,115.62,0.12,0.5,0.12,0.5,-0.14,0.19,0.3,0.26,0,0
"1000180","90",54,"M",0,1,24,0,1,0,0,1,0,"AOSBS",1,0,0,0,0,0,0.6,13919,8204.64,0.59,51,0.03,102,16,8400,2,4000,470,130,0,370,0,0,192,0,220,20,220,0,475,0,455,330,110,110,0,90,222,0,100,24,140,930,0,365,0,370,330,0,135,60,0,100,100,544,492,425,430,400,0,420,0,380,0,540,0,0,220,570,0,190,0,0,0,250,0,440,0,390,100,360,0,0,110,10,0,100,0,740,0,110,240,0,0,190,0,0,100,100,0,46.13,15.79,"The active rate of recent 2 months is 0.25 times higher than before","The avg. turnover per mtg. of recent 2 months increases by 45%","The turnover has an increasing trend in recent 2 months",NA,NA,NA,NA,NA,0.45,0.25,-0.67,0.17,278.38,4.08,68.23,914.9,287.2,27.62,27.82,3.34,2.3,5.59,7.73,31,9
"1000189","95",60,"M",0,1,25,0,1,0,0,1,0,"AOSBS",1,0,0,0,0,0,1,98534,102014.28,1.04,83,-0.25,148.1,132,41834.7,16,36500,520,240,970,240,1230,1745,700,1050,710,490,340,1280,230,930,1680,1590,1300,500,400,940,630,1180,550,1580,1990,2500,360,1100,2050,900,1830,850,990,1490,1540,680,1870,850,4130,3600,1554,1990,2040,2380,2720,1530,250,2920,590,1280,1360,1540,1300,2135,380,620,100,580,360,1130,530,1460,640,680,2650,710,1070,1840,260,2280,540,1720,1370,1400,240,780,100,530,780,100,910,1830,1600,8.21,8.5,NA,NA,NA,NA,NA,NA,NA,NA,-0.14,0,-0.29,0.21,1187.16,14.04,84.58,1.48,0.5,1.48,0.5,0.82,0.43,0.36,0.05,0,0
"1000191","95",54,"M",0,1,30,0,1,0,0,1,0,"AOSBS",1,0,0,0,0,0,0.98,71879,56266.54,0.78,81,0.11,8.3,355,87108,43,61030,1348,770,1093,730,732,1438,488,120,700,2255,280,1970,362,400,110,1278,700,300,968,846,1270,1454,1140,360,1110,740,60,0,700,0,2505,510,2080,350,570,570,505,510,1250,650,1683,1160,986,510,780,400,1960,1540,390,890,320,150,446,1760,345,590,302,2480,294,1290,362,1280,460,1858,500,1380,220,450,910,680,450,1668,1200,2058,530,474,1670,665,520,808,1000,548,690,14.1,3.49,NA,NA,NA,NA,NA,NA,NA,NA,-0.02,0,-0.34,0.2,887.4,16.67,53.24,0.2,0.07,0.2,0.07,0.28,0.12,-0.06,-0.05,0,0
"1000197","95",55,"M",0,1,33,0,1,0,0,1,0,"TEL",0,0,0,0,0,1,0.06,26940,15513.5,0.58,5,-1,106.3,4,13000,0,0,0,0,0,0,0,0,0,0,0,0,0,0,0,0,0,0,0,0,0,0,0,0,0,0,0,0,0,0,0,0,0,0,0,0,0,0,0,0,0,0,0,0,0,0,4320,7160,0,9820,0,0,0,0,0,0,0,0,0,0,0,0,0,0,0,0,0,0,0,0,0,0,0,2720,2920,0,0,0,0,0,0,0,0,0,0,17.74,73.47,NA,NA,NA,NA,"The turnover has a decreasing trend in recent 2 months","The active rate of recent 2 months is 1 times lower than before","The avg. turnover per mtg. of recent 2 months decreases by 100%","The recovery rate of recent 2 months is 1 times lower than before",-1,-1,-1,-1,5388,4,1347,10.48,-1,4.74,-1,0.5,-1,2.83,-1,1,-1
"10002","39",54,"M",0,1,17,0,1,0,0,1,0,"EWIN",0,0,0,1,0,0,1,147746255,145080903,0.98,83,0.1,8794631.5,0,0,0,0,1556090,1849620,2208865,1364320,1291340,1550890,1603790,1165110,2320100,2124970,1393730,1857920,1119930,1776210,1217750,2407880,1862130,1127340,1399870,1694490,2200940,1130400,2089210,1069230,1582820,1386510,1332360,2453440,1880180,1651070,625770,977090,1036890,500570,1459100,918970,1674450,1162030,1830570,1533750,1836550,1743930,1786420,1681120,1833670,1347570,2256290,2080460,1785420,2047930,2028600,2069370,1110810,1877780,1233730,2477560,1625950,1748980,1898840,2036790,1527230,2267780,1577430,2195570,1613680,1732860,1747180,2170340,1608030,1874120,1060860,2214520,1423940,2246910,2462360,2018640,6548660,1742780,2376340,2289100,2528120,2358660,2265680,7.52,13.24,NA,NA,NA,NA,NA,NA,NA,NA,-0.28,0,0.27,0.02,1780075.36,2399.61,741.82,-0.34,-0.28,-0.34,-0.28,-0.43,0.13,0.16,-0.36,0,0
"100020","75",71,"M",0,1,17,0,1,0,0,1,0,"TEL",0,0,0,0,0,1,0.89,25690,23508.81,0.92,74,-0.25,182.2,122,78992.5,127,68656,280,130,410,380,0,10,100,410,0,20,100,0,90,90,440,660,450,160,880,190,570,30,440,80,160,520,150,100,20,130,120,140,80,520,630,340,180,510,40,930,2250,220,100,230,1370,260,420,0,280,0,140,0,0,10,110,300,110,180,870,1240,110,290,190,730,510,310,170,410,150,420,300,1400,300,30,40,310,40,950,0,0,260,160,30,11.5,21.01,NA,NA,NA,NA,NA,NA,NA,NA,-0.3,-0.07,-0.3,0.53,347.16,7.47,46.46,0.07,-0.49,0.02,-0.37,0.43,0.23,-0.29,-0.49,0.05,-0.19
"1000203","75",49,"M",0,1,24,0,1,0,0,1,0,"TEL",0,0,0,0,0,1,0.9,261820,187175.46,0.71,75,0.05,3769,41,116500,10,56275.5,4320,0,5030,4310,2950,6090,2960,50,4800,2630,5020,3990,2960,1670,250,0,1910,3380,1380,1180,3040,0,4730,1010,3820,2250,0,2000,6380,4740,4920,4230,4810,3900,2350,1800,0,1090,4450,0,0,1290,3350,3310,3230,2800,1600,2430,5000,4350,2800,4300,5430,0,4000,6810,5320,1800,6180,5550,5430,1600,3850,2930,3900,1200,4100,6690,1120,2150,1800,4800,5150,4900,3740,2770,7780,1950,4060,3550,2350,3900,2150,10.03,27.02,NA,NA,NA,NA,NA,NA,NA,NA,-0.09,-0.12,-0.45,-0.04,3490.93,7.97,437.83,0.08,0.28,0.16,0.47,0.3,0.75,-0.11,-0.16,-0.07,-0.12
"1000204","95",54,"M",0,1,30,0,1,0,0,1,0,"AOSBS",1,0,0,0,0,0,0.99,83124,64075.98,0.77,82,0.03,5.8,142,62650,30,40000,600,900,1170,0,1054,820,720,650,900,1200,970,1390,1180,1220,1340,1260,1314,800,1438,940,1582,80,426,500,810,1000,1860,410,260,900,1610,990,1360,660,1380,730,800,1240,320,740,560,930,1320,1410,3270,640,1086,1282,890,790,1498,360,434,300,560,860,210,920,1978,1590,900,1610,760,1370,1050,1470,1500,1970,1318,960,430,1500,1104,1440,1960,448,950,556,840,190,404,590,1392,8.12,6.04,NA,NA,NA,NA,NA,NA,NA,NA,0.02,-0.06,0.26,0.06,1013.71,18.95,53.49,0.44,0.6,0.47,0.71,0.1,0.22,0.34,0.41,-0.02,-0.06
"1000210","95",56,"M",0,1,34,0,1,0,0,1,0,"AOSBS",1,0,0,0,0,0,1,83025,61842.67,0.74,83,0,609.7,78,41220,5,19800,1342,920,1400,600,780,610,584,1180,1220,820,904,1954,840,3210,1438,1812,1168,1280,1137,824,894,1320,1480,840,2134,2110,1680,940,1034,606,910,1284,532,1210,1130,340,90,380,590,390,1290,780,500,570,590,630,640,600,590,690,1050,1164,1150,670,420,730,1170,330,330,972,490,740,820,1598,818,1324,630,610,620,1214,780,670,1510,720,1784,1330,1844,410,1922,1450,708,884,1366,14.28,1.17,NA,NA,NA,NA,NA,NA,NA,NA,0.1,0,0.49,0.06,1000.3,25.7,38.92,0.42,0.34,0.42,0.34,0.2,0.15,0.18,0.16,0,0
"1000216","75",58,"M",0,1,34,0,1,0,0,1,0,"EWIN",0,0,0,1,0,0,1,86898,44696.03,0.51,83,-0.04,277.3,74,47800,0,0,922,730,1772,1670,1284,834,660,1010,810,1200,1140,1512,1112,710,1402,1000,692,1374,1330,1206,1384,1140,1688,1490,602,1050,832,1007,1224,1664,852,1050,1172,472,320,470,890,858,950,1130,832,522,1224,540,1250,360,520,1894,800,1210,1764,1090,1572,2274,1782,1422,762,1200,620,790,800,980,940,880,1230,1880,330,250,710,60,570,410,1460,1390,1350,1060,450,1515,720,1170,1060,1470,1170,12.14,1.1,NA,NA,NA,NA,NA,NA,NA,NA,0.2,0,0.22,0.05,1046.96,14.25,73.46,-0.22,-0.31,-0.23,-0.31,-0.08,-0.3,-0.17,-0.02,0.02,0
"1000223","75",61,"M",0,1,25,0,1,0,0,1,0,"TEL",0,0,0,0,0,1,0.96,110278,79797.04,0.72,80,0.21,1.5,196,65265.5,11,17800,0,380,970,1470,1350,890,2816,2640,3134,2280,2480,2750,1360,1330,620,390,770,340,1510,1560,1910,290,1500,240,1090,1480,1570,930,2250,1020,2150,1900,2160,2220,1840,2110,3378,1970,440,2230,1930,2180,4120,690,2240,1900,1680,1730,1040,600,290,430,510,560,530,1520,830,210,270,1620,880,650,770,1530,1080,1700,1270,1230,870,3030,340,1890,540,1380,0,0,220,390,650,590,1300,490,2880,20.31,11,NA,NA,NA,NA,NA,NA,NA,NA,0.47,0.07,0.42,0.04,1378.47,22.23,62.02,0.47,0.95,0.44,1.07,0.19,0.34,0.21,0.55,0.02,-0.06
"1000224","95",53,"M",0,1,15,0,1,0,0,1,0,"ESC",0,0,1,0,0,0,0.98,33100,23632.5,0.71,81,0.46,4,239,96985,30,73350,1160,200,600,90,860,350,870,300,580,50,380,700,320,360,110,1040,120,590,210,250,880,340,380,320,180,270,500,280,370,230,480,50,820,100,840,200,320,200,680,500,530,260,510,390,710,0,470,910,450,710,700,240,200,140,170,420,200,500,200,870,430,100,200,350,210,980,320,830,310,240,230,480,100,430,100,200,0,120,210,140,800,160,500,40.45,1.77,"The active rate of recent 2 months is 0.07 times higher than before","The avg. turnover per mtg. of recent 2 months increases by 54%","The turnover has an increasing trend in recent 2 months",NA,NA,NA,NA,NA,0.54,0.07,-0.58,0.11,408.64,7.57,54,0.4,0.93,0.34,0.81,0.24,0.69,0.08,0.07,0.05,0.07
"1000235","95",64,"M",0,1,25,0,1,0,0,1,0,"AOSBS",1,0,0,0,0,0,0.99,20230,15644,0.77,82,0.08,42.3,38,11440,3,5320,340,300,340,300,280,300,220,340,370,300,170,220,220,200,240,290,250,210,350,160,290,170,310,260,270,210,250,240,280,280,280,290,260,290,320,170,290,240,240,290,310,180,300,190,280,230,290,370,190,240,220,270,150,300,160,260,170,140,60,240,0,280,160,170,190,90,180,260,180,310,220,210,240,300,270,350,340,130,240,140,330,270,190,27.39,0.44,NA,NA,NA,NA,NA,NA,NA,NA,0.11,0,0.51,0,246.71,7.5,32.89,0.11,0.14,0.08,0.14,0.18,0.23,-0.08,-0.07,0.02,0
"1000238","35",60,"F",1,0,16,0,1,0,0,1,0,"TEL",0,0,0,0,0,1,0.95,578018,377761.3,0.65,79,0.67,3926.6,93,325500,7,45500,9880,5440,6740,8600,10240,14380,7820,8100,13100,6770,8280,9240,7908,6600,9740,7740,8720,5380,7230,5880,3780,3740,6860,5400,0,8380,4780,1100,0,10040,6800,6300,4620,5960,9260,10060,0,9340,8080,9380,10280,8640,3780,6120,5880,7320,6100,4580,6300,9030,8260,6190,6840,11910,8020,5320,9380,5560,9160,5160,8220,2200,5620,0,6600,1260,8600,9020,5780,7320,10580,6100,7860,5180,6700,7380,8960,4800,1580,5780,8920,8300,15760,10.39,3.31,NA,NA,NA,NA,NA,NA,NA,NA,0.17,0,0.23,0.03,7316.68,13.29,550.49,0.14,0.25,0.19,0.25,0.18,0.31,0.01,-0.05,-0.04,0
"1000244","95",60,"M",0,1,21,0,1,0,0,1,0,"AOSBS",1,0,0,0,0,0,1,23022,8845.5,0.38,83,0.15,235.6,70,16400,0,0,230,320,350,420,450,370,550,270,330,240,230,212,200,230,240,400,190,210,200,220,180,270,240,230,190,220,320,370,680,360,300,210,300,280,510,310,200,200,240,340,200,200,260,200,230,240,300,300,300,200,360,250,420,220,180,200,200,220,240,380,310,240,310,200,200,250,220,300,310,200,210,270,240,300,270,240,400,270,380,240,200,300,250,17.68,0.74,NA,NA,NA,NA,NA,NA,NA,NA,0.15,0,0.2,0.02,277.37,8.59,32.29,0.05,0.05,0.05,0.05,0,0.07,0.05,-0.02,0,0
"1000250","95",53,"M",0,1,23,0,1,0,0,1,0,"TEL",0,0,0,0,0,1,1,60260,48497,0.8,83,0.08,585.5,129,50050,18,27100,970,540,830,600,1030,1040,1290,950,830,1050,560,840,840,840,890,740,900,790,1120,640,1040,890,930,570,670,780,810,570,660,480,960,980,730,590,880,760,710,770,780,920,770,420,790,540,950,540,760,1070,750,910,550,460,590,560,620,780,890,680,700,590,400,770,470,560,510,670,400,550,530,730,490,880,530,780,470,60,590,400,740,570,770,800,900,34.81,0.55,NA,NA,NA,NA,NA,NA,NA,NA,0.41,0,0.38,0.01,726.02,14.42,50.34,0.15,0.1,0.13,0.1,0.11,0.19,0.02,-0.07,0.02,0
"1000257","95",57,"M",0,1,34,0,1,0,0,1,0,"AOSBS",1,0,0,0,0,0,0.93,39262,27195.5,0.69,77,-0.14,-92,170,58198,38,31900,562,988,1262,60,84,422,724,200,388,64,0,774,150,966,0,624,806,1304,1202,494,348,506,768,60,400,120,534,150,708,120,636,314,0,50,224,260,518,670,636,50,334,150,0,0,734,464,988,772,250,370,870,20,442,1074,1412,254,638,304,476,284,350,642,544,184,478,0,476,600,134,204,424,596,530,988,722,504,712,484,868,340,354,554,592,19.37,4,NA,NA,NA,NA,NA,NA,NA,NA,-0.03,-0.12,-0.55,0.31,509.9,16.19,31.49,-0.32,-0.4,-0.25,-0.36,-0.16,-0.32,-0.12,-0.05,-0.09,-0.07
"1000258","75",53,"M",0,1,33,0,1,0,0,1,0,"EWIN",0,0,0,1,0,0,1,140228,107851.4,0.77,83,3.11,5.35,433,157075,64,81453,4210,2960,4690,4100,4610,4350,3830,3750,2858,440,570,1670,2350,3610,2620,3410,190,330,400,390,830,2410,1570,2040,620,390,440,220,320,250,300,1460,220,540,150,290,290,730,1460,1910,490,430,590,360,910,3670,1810,2150,790,1020,1670,500,870,2800,350,1130,1060,2810,2400,2640,1430,1020,620,920,2240,2830,2180,3460,3090,620,1780,1690,1660,3480,3680,4140,290,400,500,400,1590,2980,3000,20.81,13.76,NA,NA,NA,NA,NA,NA,NA,NA,0.53,0,-0.02,0.09,1689.49,45.57,37.08,-0.2,0.1,-0.2,0.1,-0.09,0.3,-0.11,-0.15,0,0
"1000259","75",55,"M",0,1,23,0,1,0,0,1,0,"AOSBS",1,0,0,0,0,0,0.99,124260,93636,0.75,82,0.24,8.1,117,55000,12,19500,500,720,960,710,3390,4670,1620,1670,530,2650,680,2470,1920,1800,2290,3060,3330,1740,1470,1500,460,2000,3660,670,3370,1650,300,1030,810,590,700,640,1640,610,3770,1920,1330,500,3110,1140,3250,2010,630,1680,1330,560,1490,1920,1240,2650,2460,600,0,600,700,1290,580,2220,1460,1680,920,2680,1550,300,780,840,1480,1510,750,910,1370,680,1370,900,520,960,500,820,680,2320,2510,2500,1480,19.47,5.02,NA,NA,NA,NA,NA,NA,NA,NA,0.5,0,0.54,0.2,1515.37,32.54,46.57,0.02,-0.08,0,-0.08,0.13,0.07,-0.11,-0.15,0.02,0
"1000270","95",69,"F",1,0,15,0,1,0,0,1,0,"ESC",0,0,1,0,0,0,0.76,30990,27746.68,0.9,63,-0.73,0.5,38,12880,12,9400,0,0,0,0,530,500,230,0,0,0,0,0,0,0,0,0,300,0,320,210,230,0,310,280,390,200,690,350,310,310,70,690,320,0,1180,470,920,260,1010,170,570,260,160,380,890,170,100,620,200,770,990,440,350,370,0,970,540,520,230,940,470,1890,450,180,500,1310,350,410,200,880,300,100,260,400,950,120,1400,0,0,0,280,50,770,9.64,69.57,NA,NA,NA,NA,"The turnover has a decreasing trend in recent 2 months","The active rate of recent 2 months is 0.77 times lower than before","The avg. turnover per mtg. of recent 2 months decreases by 11%","The recovery rate of recent 2 months is 0.52 times lower than before",-0.11,-0.77,-0.52,-0.29,491.9,12.97,37.93,1277,125,40.23,41,10.42,8.67,2.61,3.34,30,2
"1000271","95",64,"M",0,1,21,0,1,0,0,1,0,"EWIN",0,0,0,1,0,0,0.96,27598,21900.53,0.79,80,0.37,1820.6,8,2530,0,0,1510,550,540,520,270,670,280,160,50,30,230,370,190,80,260,140,80,260,180,150,1340,80,80,410,270,220,170,90,280,130,230,310,310,200,400,330,290,120,40,340,240,170,20,210,310,220,120,30,200,610,690,0,250,1130,160,174,440,730,484,1120,220,0,320,290,570,340,470,740,210,730,430,670,160,150,0,560,330,210,130,460,110,500,530,17.14,3.41,NA,NA,NA,NA,NA,NA,NA,NA,-0.07,0.07,0.35,0.08,344.98,14.94,23.09,-0.54,-0.2,-0.54,-0.2,-0.34,0.11,-0.3,-0.28,0,0
"1000273","35",63,"M",0,1,36,0,1,0,0,1,0,"EWIN",0,0,0,1,0,0,0.99,1622100,1270981.25,0.78,82,0.04,311.5,90,962000,17,613000,12900,25500,25000,12500,14000,20000,0,21900,23000,22000,18300,20100,12000,10500,22000,26000,11000,16500,10500,17500,24500,13000,48000,20000,7000,22500,11000,16500,11000,19000,14500,11000,19400,21500,25200,20000,15000,13500,33000,19000,33500,23000,14000,15500,27500,18000,14300,19000,17500,28500,32000,23000,21000,30000,25300,24500,22000,30500,24000,27500,26000,10500,7500,14500,29500,10500,19000,25300,15900,26400,20500,14000,14000,16500,18000,15500,28100,23500,7500,25500,14500,25500,17500,7.33,10.45,NA,NA,NA,NA,NA,NA,NA,NA,-0.01,-0.06,-0.54,0.05,19781.71,21.17,934.39,0.18,0.07,0.21,0.15,0.05,0.12,0.15,0.03,-0.02,-0.06
"1000283","95",60,"M",0,1,34,0,1,0,0,1,0,"TEL",0,0,0,0,0,1,0.6,75586,71981.83,0.95,51,0.12,8,68,34941.4,21,33750,0,350,610,1350,2200,1140,1370,0,2620,90,230,140,1310,2470,1070,3660,1230,3170,2170,0,4550,0,0,0,0,0,0,0,3660,0,0,1850,920,0,2510,0,2650,0,1680,4010,580,0,0,680,960,3020,330,0,0,360,930,630,430,1390,300,2026,1200,2280,0,0,0,0,680,0,0,0,360,150,360,390,0,0,1000,2630,1450,0,0,0,4010,0,0,200,2230,52.98,7.11,"The active rate of recent 2 months is 0.56 times higher than before","The recovery rate of recent 2 months is 0.07 times higher than before","The turnover has an increasing trend in recent 2 months",NA,NA,NA,NA,NA,-0.04,0.56,0.07,0.49,1511.72,9.14,165.4,0.22,0.8,0.26,0.42,0.21,0.45,0.05,-0.02,-0.03,0.27
"1000286","95",84,"M",0,1,36,0,1,0,0,1,0,"CIT",0,1,0,0,0,0,0.94,22712,26408,1.16,78,-0.26,544.5,28,10020,1,13000,0,332,0,10,0,0,386,406,412,350,210,260,210,360,250,320,350,330,310,220,470,270,370,330,120,80,300,210,370,440,260,300,250,30,210,20,320,150,260,150,260,220,420,180,130,210,60,330,376,460,328,498,234,250,90,350,140,350,270,0,80,330,280,370,440,280,1480,250,310,370,340,340,210,240,200,318,332,382,376,352,230,300,120,10.84,36.76,NA,NA,NA,NA,"The active rate of recent 2 months is 0.25 times lower than before","The recovery rate of recent 2 months is 0.57 times lower than before",NA,NA,0,-0.25,-0.57,0.09,291.18,18.19,16.01,0,0,0.09,0.33,0.23,0.01,-0.11,0.32,-0.09,-0.25
"1000287","95",73,"M",0,1,22,0,1,0,0,1,0,"CIT",0,1,0,0,0,0,0.87,83826,65462.1,0.78,72,0.41,403,51,25800,3,7675.5,230,640,950,1210,910,790,1340,80,1990,1650,410,1140,820,1200,670,200,0,0,1580,710,340,0,780,330,710,550,580,420,400,470,1770,1420,1050,760,840,1420,1660,1140,2158,430,1790,1360,2990,2820,1150,2150,3530,940,500,800,2110,2878,700,0,0,0,0,0,0,0,590,1280,520,420,830,1130,670,1180,2440,3810,690,1880,1260,1820,620,1350,0,930,650,330,1730,1330,900,9.9,19.57,NA,NA,NA,NA,NA,NA,NA,NA,-0.36,0.07,-0.49,0.08,1164.25,14.99,77.69,0.59,0.28,0.16,0.04,0.04,-0.04,0.11,0.08,0.38,0.23
"1000290","75",47,"M",0,1,25,0,1,0,0,1,0,"TEL",0,0,0,0,0,1,0.75,32719,11535.21,0.35,62,2.55,12282.3,82,57800,13,44200,5204,4130,620,800,578,1200,300,210,0,0,0,250,300,270,520,0,0,102,0,300,0,220,250,230,308,860,200,130,0,1252,200,0,0,174,1250,506,0,358,0,0,150,180,210,150,300,200,200,0,200,240,666,260,252,0,380,300,20,1400,0,0,250,300,220,180,210,200,200,0,254,205,0,1740,0,0,500,160,150,670,300,350,620,300,80,73.8,4.62,"The avg. turnover per mtg. of recent 2 months increases by 170%","The recovery rate of recent 2 months is 0.68 times higher than before",NA,NA,NA,NA,NA,NA,1.7,0,0.68,-0.12,527.73,3.87,136.33,-0.18,-0.04,-0.15,0.21,-0.17,0.04,0.02,0.15,-0.03,-0.2
"1000292","95",60,"F",1,0,17,0,1,0,0,1,0,"AOSBS",1,0,0,0,0,0,0.93,9628,6631.05,0.69,77,0.21,83.4,54,4251.5,2,700,170,110,140,210,90,80,100,180,70,330,80,80,160,90,230,170,130,120,140,320,180,200,140,40,0,100,40,180,70,160,40,40,0,30,60,210,10,120,110,100,210,60,130,70,0,160,0,364,120,64,80,60,130,60,90,70,30,140,30,260,0,200,260,110,120,110,110,50,70,150,260,280,100,140,90,130,20,80,0,60,50,80,200,17.61,2.94,NA,NA,NA,NA,NA,NA,NA,NA,0.22,0.07,-0.2,0.09,125.04,6.6,18.95,545,228,11.7,13.31,5.88,7.44,0.84,0.7,42,15
"1000298","95",53,"M",0,1,22,0,1,0,0,1,0,"AOSBS",1,0,0,0,0,0,0.98,80605,53408.5,0.66,81,-0.23,7,265,111200,39,97900,130,230,690,640,1550,570,660,500,1180,2906,1278,2688,1658,220,2380,3200,3323,3310,5140,1980,3760,1950,2870,810,140,240,310,300,1670,410,250,190,330,510,860,940,210,250,240,720,260,210,0,270,860,690,120,820,950,880,950,680,890,990,350,1440,890,170,170,440,1098,750,340,860,90,900,2150,1870,1130,700,914,190,0,1640,990,910,20,1400,170,300,300,460,200,49.8,4.38,"The active rate of recent 2 months is 0.07 times higher than before","The avg. turnover per mtg. of recent 2 months increases by 72%","The turnover has an increasing trend in recent 2 months",NA,NA,NA,NA,NA,0.72,0.07,-0.21,0.36,995.12,16.31,61.02,1.64,1.36,1.53,1.06,0.76,0.35,0.44,0.52,0.05,0.14
"1000299","75",48,"M",0,1,25,0,1,0,0,1,0,"TEL",0,0,0,0,0,1,0.84,84380,80513.7,0.95,70,0.21,0.5,154,72741.5,14,23500,990,0,1790,0,1450,3320,1610,2890,2600,630,430,0,0,100,0,1030,1070,1250,1360,0,420,1350,1760,2360,1480,280,0,420,0,390,1150,590,0,0,520,630,680,0,1010,1770,700,510,300,250,0,550,300,840,2000,810,1080,250,500,980,1750,420,790,910,1520,1060,1070,530,640,1530,1100,640,1500,920,1140,100,1030,0,480,1330,2420,3650,2440,1110,1510,2540,3510,2250,2090,9.89,20.33,NA,NA,NA,NA,NA,NA,NA,NA,-0.13,-0.27,-0.2,0.04,1205.43,13.09,92.12,-0.33,-0.17,-0.21,-0.1,-0.08,0.03,-0.14,-0.12,-0.15,-0.08
"100032","95",56,"M",0,1,22,0,1,0,0,1,0,"TEL",0,0,0,0,0,1,1,12080,9031.9,0.75,83,0.04,3133.4,8,4810,0,0,190,160,140,150,140,240,170,150,180,160,130,120,140,120,120,120,120,140,120,120,120,170,120,160,150,160,170,190,170,150,120,150,120,150,150,120,120,120,160,160,160,160,160,160,170,200,130,150,160,140,200,150,130,170,130,150,160,150,150,100,130,150,110,160,150,190,150,220,90,100,80,100,110,110,100,90,100,80,220,160,180,180,180,19.18,0.62,NA,NA,NA,NA,NA,NA,NA,NA,0.16,0,3.76,-0.02,145.54,7.19,20.23,0.22,0.29,0.22,0.29,-0.01,-0.08,0.24,0.4,0,0
"1000320","95",77,"M",0,1,28,0,1,0,0,1,0,"TEL",0,0,0,0,0,1,0.84,65920,36633.9,0.56,70,-0.08,1843,59,39090,5,7712.5,1360,870,0,0,0,0,1060,900,1070,1020,800,1070,830,1040,820,1060,1150,800,0,840,1040,830,1070,800,1020,800,1030,800,980,840,0,980,1050,890,1050,850,1030,890,960,960,1030,880,1140,800,980,900,990,1050,890,1040,1010,980,830,960,850,1040,760,1020,720,800,710,760,670,1060,800,1060,860,1140,800,1060,860,1020,910,1110,1080,790,0,0,0,0,0,0,0,13.7,8.4,NA,NA,NA,NA,NA,NA,NA,NA,0.02,0.33,-0.16,-0.01,941.71,20.79,45.31,-0.11,-0.01,-0.07,-0.01,-0.03,0.02,-0.04,-0.03,-0.05,0
"1000325","35",37,"M",0,1,15,0,1,0,0,1,0,"IOSBS",0,0,0,0,1,0,0.93,1112099,1001636.02,0.9,77,-0.28,13707.5,184,580880,17,352600,32110,11820,30994,2340,5990,16452,41420,1000,14728,19940,1500,8472,5450,19002,25790,37392,37550,23620,33858,21720,41391,8410,3330,7158,31136,12430,45326,18158,970,4130,60620,33620,12652,1070,3610,1550,1570,540,4820,930,4980,400,3820,3710,16710,1310,9475,42640,31550,23260,21674,23432,8260,2600,6435,26490,18150,17074,6998,6994,3160,6110,0,18210,14250,16080,17860,25420,1000,8756,0,0,0,360,14660,3360,720,13730,0,0,4960,560,2372,32.91,7.48,NA,NA,NA,NA,NA,NA,NA,NA,1.49,0.45,-0.22,0.29,14442.84,38.22,377.88,1.28,0.97,0.84,0.23,0.75,0.04,0.05,0.18,0.24,0.6
"1000327","30",41,"M",0,1,17,0,1,0,0,1,0,"MANGO",0,1,0,0,0,0,0.99,1558192,1843091.16,1.18,82,0.01,48090.7,91,1124000,13,1431000,8905,34605,14700,12740,20220,20440,24533,14859,18246,34830,26370,26130,33589,29330,15825,37060,33000,17514,29590,23755,40410,27900,16995,11920,19722,21278,8985,20970,17200,27330,20540,31685,6010,5060,13729,25930,7220,22470,20625,17500,23200,13420,12910,23150,19060,7950,10110,21840,31000,8220,21240,32800,10740,25710,25870,0,19312,14050,25510,20750,6350,38230,10030,8930,19123,10000,10507,31452,8740,3500,4350,3080,22620,15110,15630,18885,14710,6700,21660,12000,17680,15933,16410,11.83,7.68,NA,NA,NA,NA,NA,NA,NA,NA,0.63,0,1.32,0.05,19002.34,31.87,596.32,0.18,0.46,0.13,0.37,0.26,0.24,-0.1,0.1,0.04,0.07
"1000328","95",45,"M",0,1,26,0,1,0,0,1,0,"NA",0,1,0,0,0,0,0.23,8460,6213.1,0.73,19,-1,0.9,22,5481.5,5,1679,0,0,0,0,0,0,0,0,0,0,0,0,0,0,0,0,0,0,0,0,0,0,0,0,0,0,0,0,0,0,0,0,0,0,0,0,0,0,0,0,0,0,0,0,0,0,0,0,0,110,1400,480,0,0,0,200,0,640,500,730,0,0,280,0,290,0,0,0,90,400,0,0,0,500,790,170,150,0,0,20,1310,70,330,8.41,88.8,NA,NA,NA,NA,"The turnover has a decreasing trend in recent 2 months","The active rate of recent 2 months is 1 times lower than before","The avg. turnover per mtg. of recent 2 months decreases by 100%","The recovery rate of recent 2 months is 1 times lower than before",-1,-1,-1,-1,445.26,9.11,48.9,-1,-1,-1,-1,-1,-1,-1,-1,-1,-1
"100033","95",55,"M",0,1,25,0,1,0,0,1,0,"AOSBS",1,0,0,0,0,0,0.63,20640,16432.85,0.8,52,0.06,1.7,27,10500,6,6600,830,200,790,510,300,140,360,500,460,140,0,0,0,0,300,580,300,300,380,150,680,560,360,380,1210,0,70,0,150,0,270,0,350,0,0,0,0,0,0,0,0,0,0,0,0,0,150,300,300,410,350,490,340,120,0,420,510,580,380,500,0,290,0,0,0,320,300,500,300,430,40,770,280,640,0,380,280,0,0,0,0,460,530,39.71,6.59,"The active rate of recent 2 months is 0.09 times higher than before","The avg. turnover per mtg. of recent 2 months increases by 2%","The recovery rate of recent 2 months is 0.29 times higher than before","The turnover has an increasing trend in recent 2 months",NA,NA,NA,NA,0.02,0.09,0.29,0.08,396.92,14.56,27.27,-0.13,0.52,0.07,0.14,0.07,0.05,0,0.08,-0.19,0.33
"1000338","95",54,"M",0,1,21,0,1,0,0,1,0,"AOSBS",1,0,0,0,0,0,0.98,97399,77222,0.79,81,-0.11,306.8,224,81500,13,29600,880,710,1140,1460,580,760,1020,1160,1440,1230,760,1300,1090,980,1430,850,1220,1450,540,850,1010,1190,1720,1830,340,1730,620,1100,1720,1220,880,1340,1180,980,1540,680,930,350,1110,800,0,380,730,700,640,410,340,2205,1030,1540,1490,0,300,530,1420,1840,2070,1770,1700,1900,1470,1970,1690,2100,1750,2670,2020,1650,1680,1530,1888,2078,1278,1370,1210,430,310,460,300,1200,1470,1230,1530,8,12.65,NA,NA,NA,NA,NA,NA,NA,NA,-0.14,0,-0.47,0.05,1202.46,23.74,50.65,0.2,0.09,0.17,0.02,0.21,0.09,-0.03,-0.07,0.02,0.07
"100034","75",48,"M",0,1,14,0,1,0,0,1,0,"AOSBS",1,0,0,0,0,0,1,81168,39776.63,0.49,83,0.44,7.2,286,170553,21,63900,1390,1010,490,1206,2290,1410,910,970,1570,1000,930,1315,1240,1350,800,1590,1060,1105,770,755,400,605,935,890,365,945,895,1535,695,660,960,950,960,650,720,520,870,885,644,640,940,650,830,640,740,495,1260,950,420,1100,1172,640,730,1070,790,130,1145,400,640,620,730,1655,1020,1770,1340,550,1100,630,1050,760,1208,1140,560,930,2510,1090,1398,1040,1410,1500,1530,1100,900,9.31,2.87,NA,NA,NA,NA,NA,NA,NA,NA,0.04,0,-0.2,0.05,977.93,9.93,98.5,-0.03,0.12,-0.07,0.12,-0.12,-0.06,0.06,0.2,0.04,0
"1000340","85",41,"M",0,1,20,0,1,0,0,1,0,"AOSBS",1,0,0,0,0,0,0.64,22140,15141.5,0.68,53,1.12,4306.3,27,13800,2,2500,2190,750,0,690,400,180,360,690,560,360,360,0,20,0,480,0,0,0,0,0,0,0,300,450,180,570,340,540,940,0,0,0,120,180,0,0,0,0,0,0,350,390,0,330,0,0,0,300,10,60,0,0,120,660,270,330,30,210,270,180,450,0,590,510,540,0,340,330,330,30,660,0,330,0,0,540,470,1040,240,280,470,580,240,44.19,9.95,"The avg. turnover per mtg. of recent 2 months increases by 38%","The recovery rate of recent 2 months is 3.85 times higher than before",NA,NA,NA,NA,NA,NA,0.38,-0.08,3.85,-0.08,417.74,5.04,82.92,1172,703,47.88,57.67,5.25,6,6.82,7.38,23,11
"1000346","85",36,"M",0,1,15,0,1,0,0,1,0,"AOSBS",1,0,0,0,0,0,1,51702,23697.42,0.46,83,0,499.7,81,39780,2,8000,750,790,856,600,310,670,520,600,500,400,410,776,550,600,500,770,820,670,500,696,760,706,400,646,350,550,610,500,760,606,601,450,506,586,430,460,717,596,810,810,710,490,490,780,500,550,822,700,650,760,650,620,500,600,540,570,730,596,600,636,600,806,696,560,600,456,902,736,896,470,900,800,720,680,150,700,680,430,650,600,944,660,430,8.57,0.71,NA,NA,NA,NA,NA,NA,NA,NA,-0.08,0,-0.62,0.01,622.92,4.35,143.22,-0.12,-0.1,-0.12,-0.1,-0.16,-0.15,0.04,0.06,0,0
"1000348","75",54,"M",0,1,17,0,1,0,0,1,0,"TEL",0,0,0,0,0,1,0.45,19900,14466,0.73,37,3.24,1837.5,26,22360,2,4500,1800,900,400,300,1220,1180,350,300,260,200,100,0,0,0,200,0,0,520,0,0,200,0,0,0,480,500,0,0,0,0,0,0,0,400,0,0,0,200,0,0,0,580,300,200,300,60,0,0,0,0,40,140,0,0,0,100,0,0,0,0,0,0,50,0,1580,200,400,0,0,0,0,0,0,400,1000,1900,0,0,0,1900,700,500,40,60.64,10.35,"The active rate of recent 2 months is 0.71 times higher than before","The recovery rate of recent 2 months is 0.25 times higher than before",NA,NA,NA,NA,NA,NA,-0.35,0.71,0.25,-0.08,537.84,3,179.28,-0.71,-0.57,-0.73,-0.68,-0.41,-0.49,-0.55,-0.37,0.1,0.33
"1000350","35",43,"M",0,1,20,0,1,0,0,1,0,"IOSBS",0,0,0,0,1,0,0.78,322786,255137.94,0.79,65,-0.35,101.6,126,422280,26,291000,10000,4640,0,0,1300,1050,0,520,9900,5990,0,3050,2560,4020,0,3320,0,0,0,3030,10450,10061,3650,0,650,17200,8690,0,1010,810,15290,0,6270,1740,980,0,1000,0,9210,14730,10900,5200,12730,1060,1030,1500,12500,3530,17915,500,12530,16900,440,5170,1900,500,3470,1800,500,340,10700,6700,5060,5150,2460,4790,1600,0,0,0,0,6420,0,90,850,2600,2390,9660,670,300,530,780,500,29.19,10.45,NA,NA,NA,NA,NA,NA,NA,NA,0.87,0,-0.2,0.46,4965.94,7.08,701.71,-0.08,-0.33,0.19,-0.09,-0.3,-0.2,0.71,0.14,-0.23,-0.27
"1000358","75",50,"M",0,1,30,0,1,0,0,1,0,"AOSBS",1,0,0,0,0,0,1,102513,57138.79,0.56,83,-0.01,1794,243,89700,2,6119,3090,3930,890,1000,1332,1810,2870,830,1130,930,800,1380,1150,944,830,2050,2875,1210,1460,2110,1800,1230,2220,1532,1890,1430,2068,1370,1315,1490,550,780,1100,860,1230,1024,990,810,910,1000,1194,880,730,1100,1680,860,550,770,870,1410,1280,660,600,300,1678,1330,850,820,790,1160,300,120,1360,310,1480,1040,530,1060,1270,550,1740,1680,1556,1460,1090,1440,1090,400,1330,1050,900,840,2185,17.55,1.46,NA,NA,NA,NA,NA,NA,NA,NA,0.27,0,0.53,0.01,1235.1,13.61,90.72,0,0.4,-0.04,0.32,0.28,0.63,-0.25,-0.19,0.04,0.07
"100036","95",79,"M",0,1,34,0,1,0,0,1,0,"ESC",0,0,1,0,0,0,0.89,14060,6048.5,0.43,74,-0.1,766,18,9225,0,0,290,210,210,270,270,0,140,240,150,0,0,120,100,200,170,10,170,240,270,80,180,0,170,130,160,190,170,180,100,250,200,150,120,170,180,170,160,100,180,0,0,40,70,150,130,170,100,380,100,70,0,0,0,170,100,190,280,200,150,190,230,160,240,90,110,300,60,260,290,320,210,200,120,170,350,240,240,230,410,390,290,290,270,16.96,4.95,NA,NA,NA,NA,NA,NA,NA,NA,-0.32,-0.19,1.22,-0.05,190,6.88,27.62,-0.29,-0.36,-0.19,-0.21,-0.21,-0.29,0.02,0.11,-0.13,-0.19
"1000360","75",56,"M",0,1,22,0,1,0,0,1,0,"TEL",0,0,0,0,0,1,0.93,331150,267699.88,0.81,77,-0.49,3677.2,44,132300,3,68000,3340,2020,0,1870,8550,1720,0,640,0,730,4250,1560,6250,5100,6750,7300,10410,5950,3070,5970,8150,4290,4210,6070,3050,9330,6260,8320,7540,5970,7090,3380,6100,6000,2750,3870,7540,9180,3070,5000,2380,2420,5525,5730,3510,6425,2930,14830,6560,6230,1840,700,1670,0,1550,470,1200,0,1290,3180,2450,3750,1820,0,1280,2900,3580,2770,3370,1010,4780,6390,3950,4590,4410,6410,1120,2120,4510,3760,1390,2350,1350,9.34,8.54,NA,NA,NA,NA,NA,NA,NA,NA,0.14,-0.19,0.03,0.37,4300.65,25.87,166.24,0.33,-0.32,0.42,-0.17,0.32,-0.09,0.07,-0.09,-0.06,-0.19
"1000362","95",55,"M",0,1,34,0,1,0,0,1,0,"EWIN",0,0,0,1,0,0,0.87,121395,136148.63,1.12,72,0.41,756.7,50,91000,4,84000,2184,1320,1090,496,980,728,704,612,1776,814,1504,1484,0,0,128,144,200,0,0,432,1408,1676,1318,282,1044,578,0,824,0,612,748,754,1484,1746,1268,3306,8600,3226,2020,740,2572,876,1838,1718,2436,1576,1362,3886,0,5612,870,1440,1702,2272,2680,3096,1018,3346,2434,10307,2826,5358,920,1970,700,820,520,860,350,1340,1232,440,720,0,0,790,300,0,0,1300,1328,500,1850,16.42,19.02,NA,NA,NA,NA,NA,NA,NA,NA,0.09,0.17,-0.11,-0.08,1686.04,31.29,53.88,3.88,1.59,1.97,0.48,5.67,3.08,-0.55,-0.64,0.64,0.75
"1000366","35",39,"M",0,1,15,0,1,0,0,1,0,"AOSBS",1,0,0,0,0,0,0.82,127810,115327.63,0.9,68,0.02,100.1,771,727023,688,513992.4,100,660,1210,500,1460,2080,820,4060,7990,0,380,10,210,1610,580,430,550,4830,0,550,2550,7620,0,890,1500,300,0,1760,0,430,460,140,390,340,800,0,1280,60,940,6300,580,520,1300,1080,550,1470,5020,120,960,300,3630,2790,2530,2170,8300,0,11830,2700,1560,5270,0,530,410,450,300,740,0,1530,8340,370,1430,540,0,0,0,3390,0,1780,1280,150,0,0,100,25.73,6.27,NA,NA,NA,NA,NA,NA,NA,NA,-0.22,0.5,-0.35,0.73,1879.56,13.44,139.84,-0.08,-0.18,-0.03,-0.13,0.06,0.12,-0.09,-0.22,-0.05,-0.06
"1000368","25",46,"M",0,1,26,0,1,0,0,1,0,"MULTI",0,1,0,0,0,0,0.7,374930,370513.5,0.99,58,-0.03,24.9,109,621370,36,225360,20,12020,4020,4110,0,0,13850,670,0,27970,0,7020,0,0,10,0,35020,10050,13220,20,7020,2800,0,0,20,0,0,0,20,20,3740,20,20,20,20,0,0,15640,30020,10020,20,20,0,10020,15020,11000,11060,16490,16020,20,15020,0,20,11370,0,20,20,0,20,10020,0,20,9470,20,6020,8020,6770,20,7020,0,20,2890,0,20,20,0,20,0,12020,0,20,9020,0,21.27,42.77,NA,NA,NA,NA,"The active rate of recent 2 months is 0.1 times lower than before","The recovery rate of recent 2 months is 0.17 times lower than before",NA,NA,1.49,-0.1,-0.17,0.18,6464.31,2.36,2736.72,0.13,0.38,0.06,0.53,0.01,0.46,0.05,0.05,0.07,-0.1
"1000373","70",43,"M",0,1,22,0,1,0,0,1,0,"AOSBS",1,0,0,0,0,0,0.9,70406,78168.65,1.11,75,-0.52,635.3,43,51800,10,50160,1210,400,0,0,30,3024,1230,150,800,1730,500,1520,200,0,220,2020,990,1000,1400,3730,780,4590,5670,1300,612,1206,700,360,600,2120,1100,1150,1214,1670,1090,1112,1090,350,630,1014,500,520,740,530,1500,190,300,580,400,330,150,0,100,200,100,0,0,0,280,80,222,1750,160,1720,500,120,550,950,700,1566,1300,580,600,888,356,120,240,320,0,360,1076,510,806,27.89,5.38,NA,NA,NA,NA,NA,NA,NA,NA,0.45,-0.13,0.62,0.88,938.75,6.17,152.06,0.66,0.28,0.62,0.37,-0.14,-0.13,0.89,0.57,0.02,-0.07
"1000376","75",51,"M",0,1,30,0,1,0,0,1,0,"AOSBS",1,0,0,0,0,0,0.94,119803,89822.3,0.75,78,0.23,508,161,107696.8,11,50900,1598,260,828,882,3518,1680,2374,380,450,360,280,870,310,1828,420,2068,170,400,1608,290,608,515,1238,926,1428,1110,1828,200,1180,688,928,1638,4754,677,1038,1208,2240,800,2822,2168,3677,1632,6118,2982,1088,728,3428,900,848,830,550,1968,0,2480,340,1298,450,850,900,2344,1258,1930,740,5798,1426,2978,1118,3274,1138,5140,530,1510,1200,600,4730,0,500,0,1640,0,1350,964,0,9.7,40.64,NA,NA,NA,NA,"The avg. turnover per mtg. of recent 2 months decreases by 40%","The recovery rate of recent 2 months is 0.13 times lower than before",NA,NA,-0.4,0.33,-0.13,0.16,1535.94,9.42,163,0.01,-0.01,-0.17,-0.26,0.06,-0.04,-0.21,-0.23,0.21,0.33
"1000380","95",63,"M",0,1,39,0,1,0,0,1,0,"TEL",0,0,0,0,0,1,1,54830,35216,0.64,83,-0.09,501,63,25650,1,4000,570,630,580,460,650,650,550,390,830,280,510,630,450,520,600,820,560,430,570,450,530,830,990,540,610,630,700,610,750,460,630,720,470,530,510,590,630,470,520,830,720,520,690,760,750,730,500,1310,820,760,800,730,770,990,810,1150,780,820,570,480,450,640,560,790,720,830,540,740,550,590,400,830,440,570,620,630,840,640,820,540,1020,970,960,8.5,1.61,NA,NA,NA,NA,NA,NA,NA,NA,-0.18,0,-0.36,0.03,660.6,25,26.42,-0.08,-0.21,-0.08,-0.21,-0.01,-0.07,-0.07,-0.15,0,0
"1000385","75",58,"M",0,1,20,0,1,0,0,1,0,"AOSBS",1,0,0,0,0,0,0.63,279729,237580.3,0.85,52,7131,7032,28,71000,3,19000,6390,3465,4580,4280,1310,4510,4780,5550,5660,7405,6900,4640,0,8840,3010,0,0,0,0,0,0,0,0,0,0,0,0,0,0,0,0,0,0,0,0,0,0,2980,30,0,210,1390,0,0,0,0,0,5170,1793,6390,7890,6460,3030,3840,8725,10845,7354,5830,7045,9860,5378,7240,5650,6505,3850,9906,4250,6710,5598,7230,6880,6040,6020,8560,4708,6142,5010,4090,1940,4240,3620,0,0,9.9,41.46,NA,NA,NA,NA,"The avg. turnover per mtg. of recent 2 months decreases by 7%",NA,NA,NA,-0.07,0,0.17,0.04,5379.4,53.63,100.3,-0.4,34.66,-0.17,1.55,-0.15,1.02,-0.03,0.26,-0.28,13
"1000387","95",48,"M",0,1,28,0,1,0,0,1,0,"AOSBS",1,0,0,0,0,0,0.98,32400,27491.34,0.85,81,0.35,420.9,240,44240,18,28200,370,770,420,420,510,640,400,625,360,400,730,360,420,970,645,480,495,730,490,650,615,60,280,370,300,460,140,540,530,0,170,480,290,470,460,340,400,780,420,420,360,260,460,350,460,310,140,250,320,350,340,200,340,410,670,0,530,705,330,430,570,70,310,455,450,220,210,130,180,200,260,390,450,290,270,530,210,440,70,380,200,330,160,58.62,0.9,"The avg. turnover per mtg. of recent 2 months increases by 90%","The recovery rate of recent 2 months is 0.54 times higher than before","The turnover has an increasing trend in recent 2 months",NA,NA,NA,NA,NA,0.9,0,0.54,0.04,400,5.63,71.05,2074,851,44.11,52.25,5,6.5,6.52,6.1,45,15
"1000393","85",40,"M",0,1,19,0,1,0,0,1,0,"EWIN",0,0,0,1,0,0,0.99,137772,97383.72,0.71,82,-0.15,500,46,42500,0,0,900,1615,1545,332,860,160,650,530,548,1320,520,350,1633,2170,3135,2390,3240,1930,1210,1100,370,640,1600,840,2130,1030,510,880,1230,1945,1990,1400,1160,120,1260,1440,2820,4035,7300,5160,1360,1350,3570,2100,2040,1760,3510,3640,2160,1240,790,500,1210,2470,1140,740,978,2560,1600,400,1300,0,960,2970,1840,520,300,980,360,730,964,964,1804,2174,2250,3215,5240,890,490,1290,1220,3630,4565,17.09,6.13,NA,NA,NA,NA,NA,NA,NA,NA,-0.39,0,0.11,0.17,1680.15,19.91,84.37,0.65,0.18,0.58,0.03,1.57,1.31,-0.38,-0.55,0.04,0.14
